IP 地址,已发送,已接收,丢包率,平均延迟,下载速度 (MB/s)
104.19.246.97,4,4,0,175.6,13.52
162.159.253.84,4,4,0,173.99,11.24
162.159.254.171,4,4,0,174.31,9.71
104.16.119.4,4,4,0,172.29,8.22
104.18.126.122,,,,,
104.16.112.76,,,,,
173.245.49.194,,,,,
104.18.17.96,,,,,
104.19.248.182,,,,,
104.18.114.87,,,,,
104.18.75.144,,,,,
104.19.79.196,,,,,
104.19.182.103,,,,,
104.19.151.124,,,,,
104.16.122.12,,,,,
104.18.117.39,,,,,
162.159.244.14,,,,,
104.19.241.12,,,,,
104.18.22.131,,,,,
162.159.255.63,,,,,
104.16.118.130,,,,,
104.19.140.172,,,,,
104.18.120.138,,,,,
104.18.117.67,,,,,
104.19.249.108,,,,,
104.18.21.212,,,,,
104.18.121.205,,,,,
104.16.114.5,,,,,
162.159.242.91,,,,,
104.18.18.229,,,,,
104.16.112.148,,,,,
104.16.115.248,,,,,
104.16.116.11,,,,,
104.19.143.90,,,,,
104.16.127.167,,,,,
104.16.121.247,,,,,
104.18.122.31,,,,,
104.16.121.52,,,,,
104.19.247.131,,,,,
104.21.230.157,,,,,
104.18.117.187,,,,,
104.19.128.107,,,,,
